season_name,n_anomalies,anomaly_rate,total_days
Winter,30,0.08670520231213873,346
Summer,29,0.07880434782608696,368
Spring,8,0.021739130434782608,368
Autumn,6,0.016666666666666666,360
